[
    {
        "Nome": "Pikachu",
        "Tipo": "Elétrico",
        "HP": 35,
        "id": 1,
        "Ataque": 55,
        "Defesa": 40,
        "Forte": "Charmander",
        "Fraco": "Blastoise",
        "Descricao": "Este amarelinho por mais que seja pequenino contém poderes que te vão deixar maluco, não sabes do que é que ele é capaz.",
        "nomeimg": "Pikachu"
    },
    {
        "Nome": "Charmander",
        "Tipo": "Fogo",
        "HP": 39,
        "id": 2,
        "Ataque": 52,
        "Defesa": 43,
        "Forte": "Bulbasaur",
        "Fraco": "Blastoise",
        "Descricao": "Este laranjinha tem segredos por contar, não te desfaças dele.",
        "nomeimg": "Charmander"
    },
    {
        "Nome": "Blastoise",
        "Tipo": "Água",
        "HP": 79,
        "id": 3,
        "Ataque": 83,
        "Defesa": 100,
        "Forte": "Charmander",
        "Fraco": "Charizard",
        "Descricao": "Não há muito a dizer, o treinador que tiver este no bolso.. bem podes esconder a tua pokebola.",
        "nomeimg": "Blastoise"
    },
    {
        "Nome": "Bulbasaur",
        "Tipo": "Terra",
        "HP": 45,
        "id": 4,
        "Ataque": 49,
        "Defesa": 49,
        "Forte": "Charmander",
        "Fraco": "Blastoise",
        "Descricao": "Fofinho mas feroz, este pequenote vai dar cabo do juizo",
        "nomeimg": "Bulbasaur"
    },
]

